{"poshak_bhar:09119349846":{"cookies":"csrftoken=zimWKYEu8eiGHlfOA4ECKBVROHZrdrBE; rur=CLN; ds_user_id=6258699872; sessionid=6258699872%3A6u3yg0uSXBCLHd%3A12; ","useragent":"Instagram 123.1.0.26.115 (iPhone10,3; iOS 13_3; en_US; en-US; scale=3.00; 1125x2436; 190542906)"},"ghasem_masihpour:09113008454":{"cookies":"csrftoken=rFaerXoXubLo8Ms3SVRFrjeVFKWi5EId; rur=CLN; ds_user_id=4655702150; sessionid=4655702150%3AwAeZ7yBWFHOw4O%3A28; ","useragent":"Instagram 123.1.0.26.115 (iPhone10,3; iOS 13_3; en_US; en-US; scale=3.00; 1125x2436; 190542906)"}}